phase,timestamp,row,stepId,item,object,action,description,input,args,maxArgs
Load,2026-01-24T01:17:49.092426900,1,"351ac8c6-a84c-4fa5-8a69-c183e5bc41ad","<empty>","Calculator","calculateTen","<empty>","<empty>","[, , , , , , , , , , ]",11
Commit,2026-01-24T01:17:52.249174700,1,"b6dc602c-22ad-49cc-8c34-5e3f130d1d34","<empty>","Calculator","calculateTen","<empty>","<empty>","[, , , , , , , , , , ]",11
Commit,2026-01-24T01:17:52.249174700,2,"c0b8876b-b0a8-425e-aa5f-8087cc779d8f","<empty>","Calculator","calculateTen","<empty>","<empty>","[, , , , , , , , , , ]",11
Commit,2026-01-24T01:17:52.249174700,3,"9181856a-812c-4f69-a24d-908a98ea33ea","<empty>","Calculator","calculateTen","<empty>","<empty>","[, , , , , , , , , , ]",11
Commit,2026-01-24T01:17:52.249174700,4,"ae11b56a-8cd8-4114-83aa-7d2e7aac3bba","<empty>","Calculator","calculateTen","<empty>","<empty>","[, , , , , , , , , , ]",11
Commit,2026-01-24T01:17:52.249174700,5,"116a9b03-7b39-45e7-996c-ec4b914a18c5","<empty>","Calculator","calculateTen","<empty>","<empty>","[, , , , , , , , , , ]",11
Commit,2026-01-24T01:17:52.249174700,6,"b67bcf9e-f5e9-4dc1-8324-15b5717af1a4","<empty>","Calculator","calculateTen","<empty>","<empty>","[, , , , , , , , , , ]",11
Commit,2026-01-24T01:17:52.249174700,7,"7f87eaa0-740f-44a3-ae99-72bbc8bee238","<empty>","Calculator","calculateTen","<empty>","<empty>","[, , , , , , , , , , ]",11
Commit,2026-01-24T01:17:52.249174700,8,"62aab494-de2b-4b3a-a5d3-aaabc2e3c7f0","<empty>","Calculator","calculateTen","<empty>","<empty>","[, , , , , , , , , , ]",11
