Load,2026-01-30T11:48:42.526875700,1,"2c6d9a26-6efa-4054-8fc8-164622343ed2","<empty>","WebServer","sendRequest","<empty>","<empty>","[]",1
Load,2026-01-30T11:48:42.526875700,2,"01479b44-8423-4895-9406-9a24f873fd5c","<empty>","WebServer","sendRequest","<empty>","<empty>","[]",1
Load,2026-01-30T11:48:42.526875700,3,"63471e41-f4b8-4bbf-8807-2d0e371e74a2","<empty>","WebServer","sendRequest","<empty>","<empty>","[]",1
Load,2026-01-30T22:33:23.909148700,1,"2c6d9a26-6efa-4054-8fc8-164622343ed2","<empty>","WebServer","sendRequest","<empty>","<empty>","[]",1
Load,2026-01-30T22:33:23.909148700,2,"01479b44-8423-4895-9406-9a24f873fd5c","<empty>","WebServer","sendRequest","<empty>","<empty>","[]",1
Load,2026-01-30T22:33:23.909148700,3,"63471e41-f4b8-4bbf-8807-2d0e371e74a2","<empty>","WebServer","sendRequest","<empty>","<empty>","[]",1
Load,2026-01-30T22:35:31.069439100,1,"2c6d9a26-6efa-4054-8fc8-164622343ed2","<empty>","WebServer","sendRequest","<empty>","<empty>","[]",1
Load,2026-01-30T22:35:31.069439100,2,"01479b44-8423-4895-9406-9a24f873fd5c","<empty>","WebServer","sendRequest","<empty>","<empty>","[]",1
Load,2026-01-30T22:35:31.069439100,3,"63471e41-f4b8-4bbf-8807-2d0e371e74a2","<empty>","WebServer","sendRequest","<empty>","<empty>","[]",1
Load,2026-01-30T22:54:04.977992600,1,"2c6d9a26-6efa-4054-8fc8-164622343ed2","<empty>","WebServer","sendRequest","<empty>","<empty>","[]",1
Load,2026-01-30T22:54:04.977992600,2,"01479b44-8423-4895-9406-9a24f873fd5c","<empty>","WebServer","sendRequest","<empty>","<empty>","[]",1
Load,2026-01-30T22:54:04.977992600,3,"63471e41-f4b8-4bbf-8807-2d0e371e74a2","<empty>","WebServer","sendRequest","<empty>","<empty>","[]",1
Load,2026-01-30T23:22:37.213149100,1,"2c6d9a26-6efa-4054-8fc8-164622343ed2","<empty>","WebServer","sendRequest","<empty>","<empty>","[]",1
Load,2026-01-30T23:22:37.213149100,2,"01479b44-8423-4895-9406-9a24f873fd5c","<empty>","WebServer","sendRequest","<empty>","<empty>","[]",1
Load,2026-01-30T23:22:37.213149100,3,"63471e41-f4b8-4bbf-8807-2d0e371e74a2","<empty>","WebServer","sendRequest","<empty>","<empty>","[]",1
Load,2026-01-30T23:31:53.046587500,1,"2c6d9a26-6efa-4054-8fc8-164622343ed2","<empty>","WebServer","sendRequest","<empty>","<empty>","[]",1
Load,2026-01-30T23:31:53.046587500,2,"01479b44-8423-4895-9406-9a24f873fd5c","<empty>","WebServer","sendRequest","<empty>","<empty>","[]",1
Load,2026-01-30T23:31:53.046587500,3,"63471e41-f4b8-4bbf-8807-2d0e371e74a2","<empty>","WebServer","sendRequest","<empty>","<empty>","[]",1
Load,2026-01-30T23:39:46.411286,1,"2c6d9a26-6efa-4054-8fc8-164622343ed2","<empty>","WebServer","sendRequest","<empty>","<empty>","[]",1
Load,2026-01-30T23:39:46.411286,2,"01479b44-8423-4895-9406-9a24f873fd5c","<empty>","WebServer","sendRequest","<empty>","<empty>","[]",1
Load,2026-01-30T23:39:46.411286,3,"63471e41-f4b8-4bbf-8807-2d0e371e74a2","<empty>","WebServer","sendRequest","<empty>","<empty>","[]",1
Load,2026-01-30T23:45:30.278109600,1,"2c6d9a26-6efa-4054-8fc8-164622343ed2","<empty>","WebServer","sendRequest","<empty>","<empty>","[]",1
Load,2026-01-30T23:45:30.278109600,2,"01479b44-8423-4895-9406-9a24f873fd5c","<empty>","WebServer","sendRequest","<empty>","<empty>","[]",1
Load,2026-01-30T23:45:30.278109600,3,"63471e41-f4b8-4bbf-8807-2d0e371e74a2","<empty>","WebServer","sendRequest","<empty>","<empty>","[]",1
Load,2026-01-30T23:50:22.910253900,1,"2c6d9a26-6efa-4054-8fc8-164622343ed2","<empty>","WebServer","sendRequest","<empty>","<empty>","[]",1
Load,2026-01-30T23:50:22.910253900,2,"01479b44-8423-4895-9406-9a24f873fd5c","<empty>","WebServer","sendRequest","<empty>","<empty>","[]",1
Load,2026-01-30T23:50:22.910253900,3,"63471e41-f4b8-4bbf-8807-2d0e371e74a2","<empty>","WebServer","sendRequest","<empty>","<empty>","[]",1
Load,2026-01-30T23:59:55.711874300,1,"2c6d9a26-6efa-4054-8fc8-164622343ed2","<empty>","WebServer","sendRequest","<empty>","<empty>","[]",1
Load,2026-01-30T23:59:55.711874300,2,"01479b44-8423-4895-9406-9a24f873fd5c","<empty>","WebServer","sendRequest","<empty>","<empty>","[]",1
Load,2026-01-30T23:59:55.711874300,3,"63471e41-f4b8-4bbf-8807-2d0e371e74a2","<empty>","WebServer","sendRequest","<empty>","<empty>","[]",1
